time_utc_iso,twl_ft_mllw,tide_ft_mllw,surge_ft,src_time
2026-04-08T12:00:00.000Z,1.17,0.752,0,202604081200
2026-04-08T13:00:00.000Z,1.679,0.968,0,202604081300
2026-04-08T14:00:00.000Z,2.348,1.478,0,202604081400
2026-04-08T15:00:00.000Z,2.948,2.078,0,202604081500
2026-04-08T16:00:00.000Z,3.309,2.54,0,202604081600
2026-04-08T17:00:00.000Z,3.407,2.768,0,202604081700
2026-04-08T18:00:00.000Z,3.168,2.734,0.1,202604081800
2026-04-08T19:00:00.000Z,2.778,2.442,0.1,202604081900
2026-04-08T20:00:00.000Z,2.23,1.98,0.1,202604082000
2026-04-08T21:00:00.000Z,1.79,1.492,0.1,202604082100
2026-04-08T22:00:00.000Z,1.439,1.108,0.1,202604082200
2026-04-08T23:00:00.000Z,1.4,0.899,0.1,202604082300
2026-04-09T00:00:00.000Z,1.669,0.922,0.3,202604090000
2026-04-09T01:00:00.000Z,2.128,1.237,0.3,202604090100
2026-04-09T02:00:00.000Z,2.669,1.846,0.3,202604090200
2026-04-09T03:00:00.000Z,3.348,2.586,0.3,202604090300
2026-04-09T04:00:00.000Z,3.988,3.218,0.3,202604090400
2026-04-09T05:00:00.000Z,4.29,3.598,0.3,202604090500
2026-04-09T06:00:00.000Z,4.247,3.674,0.4,202604090600
2026-04-09T07:00:00.000Z,3.788,3.438,0.4,202604090700
2026-04-09T08:00:00.000Z,3.197,2.948,0.4,202604090800
2026-04-09T09:00:00.000Z,2.519,2.334,0.3,202604090900
2026-04-09T10:00:00.000Z,1.869,1.734,0.3,202604091000
2026-04-09T11:00:00.000Z,1.289,1.247,0.3,202604091100
2026-04-09T12:00:00.000Z,0.918,0.939,0.3,202604091200
2026-04-09T13:00:00.000Z,1.029,0.874,0.3,202604091300
2026-04-09T14:00:00.000Z,1.449,1.1,0.3,202604091400
2026-04-09T15:00:00.000Z,1.908,1.564,0.3,202604091500
2026-04-09T16:00:00.000Z,2.387,2.087,0.3,202604091600
2026-04-09T17:00:00.000Z,2.738,2.489,0.3,202604091700
2026-04-09T18:00:00.000Z,2.84,2.677,0.2,202604091800
2026-04-09T19:00:00.000Z,2.709,2.623,0.2,202604091900
2026-04-09T20:00:00.000Z,2.309,2.352,0.2,202604092000
2026-04-09T21:00:00.000Z,1.81,1.948,0.2,202604092100
2026-04-09T22:00:00.000Z,1.4,1.523,0.2,202604092200
2026-04-09T23:00:00.000Z,1.17,1.179,0.2,202604092300
2026-04-10T00:00:00.000Z,1.161,0.995,0.1,202604100000
2026-04-10T01:00:00.000Z,1.371,1.039,0.1,202604100100
2026-04-10T02:00:00.000Z,1.8,1.359,0.1,202604100200
2026-04-10T03:00:00.000Z,2.4,1.93,0.1,202604100300
2026-04-10T04:00:00.000Z,3.109,2.609,0.1,202604100400
2026-04-10T05:00:00.000Z,3.749,3.187,0.1,202604100500
2026-04-10T06:00:00.000Z,4.07,3.525,0.1,202604100600
2026-04-10T07:00:00.000Z,3.949,3.574,0.1,202604100700
2026-04-10T08:00:00.000Z,3.519,3.345,0.1,202604100800
2026-04-10T09:00:00.000Z,2.958,2.891,0.1,202604100900
2026-04-10T10:00:00.000Z,2.348,2.312,0.1,202604101000
2026-04-10T11:00:00.000Z,1.748,1.729,0.1,202604101100
2026-04-10T12:00:00.000Z,1.19,1.252,0.1,202604101200
2026-04-10T13:00:00.000Z,0.888,0.959,0.1,202604101300
2026-04-10T14:00:00.000Z,1.069,0.905,0.1,202604101400
2026-04-10T15:00:00.000Z,1.43,1.122,0.1,202604101500
2026-04-10T16:00:00.000Z,1.81,1.571,0.1,202604101600
2026-04-10T17:00:00.000Z,2.328,2.091,0.1,202604101700
2026-04-10T18:00:00.000Z,2.728,2.491,0,202604101800
2026-04-10T19:00:00.000Z,2.909,2.68,0,202604101900
2026-04-10T20:00:00.000Z,2.689,2.648,0,202604102000
2026-04-10T21:00:00.000Z,2.41,2.409,0,202604102100
2026-04-10T22:00:00.000Z,2.049,2.019,0,202604102200
2026-04-10T23:00:00.000Z,1.659,1.585,0,202604102300
2026-04-11T00:00:00.000Z,1.328,1.225,0,202604110000
2026-04-11T01:00:00.000Z,1.118,1.029,0,202604110100
2026-04-11T02:00:00.000Z,1.318,1.058,0,202604110200
2026-04-11T03:00:00.000Z,1.84,1.351,0,202604110300
2026-04-11T04:00:00.000Z,2.377,1.904,0,202604110400
2026-04-11T05:00:00.000Z,3.05,2.584,0,202604110500
2026-04-11T06:00:00.000Z,3.637,3.163,0.1,202604110600
2026-04-11T07:00:00.000Z,3.958,3.5,0.1,202604110700
2026-04-11T08:00:00.000Z,3.958,3.567,0.1,202604110800
2026-04-11T09:00:00.000Z,3.607,3.36,0.1,202604110900
2026-04-11T10:00:00.000Z,2.938,2.901,0.1,202604111000
2026-04-11T11:00:00.000Z,2.368,2.291,0.1,202604111100
2026-04-11T12:00:00.000Z,1.699,1.678,0.1,202604111200
2026-04-11T13:00:00.000Z,1.249,1.184,0.1,202604111300
2026-04-11T14:00:00.000Z,1,0.882,0.1,202604111400
2026-04-11T15:00:00.000Z,0.97,0.824,0.1,202604111500
2026-04-11T16:00:00.000Z,1.279,1.066,0.1,202604111600
2026-04-11T17:00:00.000Z,1.859,1.572,0.1,202604111700
2026-04-11T18:00:00.000Z,2.469,2.147,0.1,202604111800
2026-04-11T19:00:00.000Z,2.938,2.588,0.1,202604111900
2026-04-11T20:00:00.000Z,3.148,2.825,0.1,202604112000
2026-04-11T21:00:00.000Z,2.899,2.827,0.1,202604112100
2026-04-11T22:00:00.000Z,2.568,2.573,0.1,202604112200
2026-04-11T23:00:00.000Z,2.2,2.125,0.1,202604112300
2026-04-12T00:00:00.000Z,1.62,1.627,0,202604120000
2026-04-12T01:00:00.000Z,1.079,1.214,0,202604120100
2026-04-12T02:00:00.000Z,0.849,0.968,0,202604120200
2026-04-12T03:00:00.000Z,1.098,0.95,0,202604120300
2026-04-12T04:00:00.000Z,1.58,1.232,0,202604120400
2026-04-12T05:00:00.000Z,2.2,1.825,0,202604120500
2026-04-12T06:00:00.000Z,2.86,2.556,0,202604120600
2026-04-12T07:00:00.000Z,3.417,3.176,0,202604120700
2026-04-12T08:00:00.000Z,3.87,3.561,0,202604120800
2026-04-12T09:00:00.000Z,3.919,3.665,0,202604120900
2026-04-12T10:00:00.000Z,3.499,3.437,0,202604121000
2026-04-12T11:00:00.000Z,2.889,2.909,0,202604121100
2026-04-12T12:00:00.000Z,2.22,2.226,0,202604121200
2026-04-12T13:00:00.000Z,1.6,1.557,0,202604121300
2026-04-12T14:00:00.000Z,1.079,1.02,0,202604121400
2026-04-12T15:00:00.000Z,0.869,0.69,0,202604121500
2026-04-12T16:00:00.000Z,1,0.66,0,202604121600
2026-04-12T17:00:00.000Z,1.479,1,0,202604121700
2026-04-12T18:00:00.000Z,2.059,1.629,0,202604121800
2026-04-12T19:00:00.000Z,2.64,2.303,0,202604121900
2026-04-12T20:00:00.000Z,3.217,2.833,0,202604122000
2026-04-12T21:00:00.000Z,3.398,3.132,0,202604122100
2026-04-12T22:00:00.000Z,3.23,3.119,0,202604122200
2026-04-12T23:00:00.000Z,2.889,2.776,0,202604122300
2026-04-13T00:00:00.000Z,2.309,2.219,0,202604130000
2026-04-13T01:00:00.000Z,1.639,1.62,0,202604130100
2026-04-13T02:00:00.000Z,1.128,1.111,0,202604130200
2026-04-13T03:00:00.000Z,0.908,0.78,0,202604130300
2026-04-13T04:00:00.000Z,1.039,0.728,0,202604130400
2026-04-13T05:00:00.000Z,1.61,1.057,0,202604130500
2026-04-13T06:00:00.000Z,2.259,1.743,0.2,202604130600
2026-04-13T07:00:00.000Z,3.007,2.562,0.2,202604130700
2026-04-13T08:00:00.000Z,3.709,3.269,0.2,202604130800
2026-04-13T09:00:00.000Z,4.109,3.722,0.1,202604130900
2026-04-13T10:00:00.000Z,4.017,3.818,0.1,202604131000
2026-04-13T11:00:00.000Z,3.568,3.507,0.1,202604131100
2026-04-13T12:00:00.000Z,2.899,2.872,0.2,202604131200
2026-04-13T13:00:00.000Z,2.089,2.094,0.2,202604131300
2026-04-13T14:00:00.000Z,1.279,1.344,0.2,202604131400
2026-04-13T15:00:00.000Z,0.58,0.744,0.2,202604131500
2026-04-13T16:00:00.000Z,0.17,0.415,0.1,202604131600
2026-04-13T17:00:00.000Z,0.419,0.482,0.1,202604131700
2026-04-13T18:00:00.000Z,0.952,0.989,0.1,202604131800
2026-04-13T19:00:00.000Z,1.777,1.788,0.1,202604131900
2026-04-13T20:00:00.000Z,2.626,2.611,0.1,202604132000
2026-04-13T21:00:00.000Z,3.288,3.247,0.1,202604132100
2026-04-13T22:00:00.000Z,3.622,3.555,0.1,202604132200
2026-04-13T23:00:00.000Z,3.441,3.448,0,202604132300
2026-04-14T00:00:00.000Z,2.986,2.967,0,202604140000
2026-04-14T01:00:00.000Z,2.313,2.268,0,202604140100
2026-04-14T02:00:00.000Z,1.598,1.527,0,202604140200
2026-04-14T03:00:00.000Z,0.985,0.888,0,202604140300
2026-04-14T04:00:00.000Z,0.605,0.482,0,202604140400
2026-04-14T05:00:00.000Z,0.597,0.448,0,202604140500
2026-04-14T06:00:00.000Z,1.025,0.876,0,202604140600
2026-04-14T07:00:00.000Z,1.841,1.692,0,202604140700
2026-04-14T08:00:00.000Z,2.793,2.644,0,202604140800
2026-04-14T09:00:00.000Z,3.607,3.458,0,202604140900
2026-04-14T10:00:00.000Z,4.082,3.933,0,202604141000
2026-04-14T11:00:00.000Z,4.104,3.955,0,202604141100
2026-04-14T12:00:00.000Z,3.573,3.524,-0.1,202604141200
2026-04-14T13:00:00.000Z,2.816,2.767,-0.1,202604141300
2026-04-14T14:00:00.000Z,1.923,1.874,-0.1,202604141400
2026-04-14T15:00:00.000Z,1.077,1.028,-0.1,202604141500
2026-04-14T16:00:00.000Z,0.442,0.393,-0.1,202604141600
2026-04-14T17:00:00.000Z,0.178,0.129,-0.1,202604141700
2026-04-14T18:00:00.000Z,0.407,0.358,-0.1,202604141800
2026-04-14T19:00:00.000Z,1.128,1.079,-0.1,202604141900
2026-04-14T20:00:00.000Z,2.143,2.094,-0.1,202604142000
2026-04-14T21:00:00.000Z,3.131,3.082,-0.1,202604142100
2026-04-14T22:00:00.000Z,3.818,3.769,-0.1,202604142200
2026-04-14T23:00:00.000Z,4.053,4.004,-0.1,202604142300
2026-04-15T00:00:00.000Z,3.804,3.755,-0.1,202604150000
2026-04-15T01:00:00.000Z,3.158,3.109,-0.1,202604150100
2026-04-15T02:00:00.000Z,2.283,2.234,-0.1,202604150200
2026-04-15T03:00:00.000Z,1.374,1.325,-0.1,202604150300
2026-04-15T04:00:00.000Z,0.619,0.57,-0.1,202604150400
2026-04-15T05:00:00.000Z,0.186,0.137,-0.1,202604150500
2026-04-15T06:00:00.000Z,0.218,0.169,-0.1,202604150600
2026-04-15T07:00:00.000Z,0.78,0.731,-0.1,202604150700
2026-04-15T08:00:00.000Z,1.765,1.716,-0.1,202604150800
2026-04-15T09:00:00.000Z,2.868,2.819,-0.1,202604150900
2026-04-15T10:00:00.000Z,3.74,3.691,-0.1,202604151000
2026-04-15T11:00:00.000Z,4.166,4.117,-0.1,202604151100
2026-04-15T12:00:00.000Z,4.076,4.027,-0.1,202604151200
2026-04-15T13:00:00.000Z,3.514,3.465,-0.1,202604151300
2026-04-15T14:00:00.000Z,2.621,2.572,-0.1,202604151400
2026-04-15T15:00:00.000Z,1.706,1.557,0,202604151500
2026-04-15T16:00:00.000Z,0.796,0.647,0,202604151600
2026-04-15T17:00:00.000Z,0.189,0.04,0,202604151700
2026-04-15T18:00:00.000Z,0.05,-0.099,0,202604151800
2026-04-15T19:00:00.000Z,0.486,0.337,0,202604151900
2026-04-15T20:00:00.000Z,1.464,1.315,0,202604152000
2026-04-15T21:00:00.000Z,2.704,2.555,0,202604152100
2026-04-15T22:00:00.000Z,3.795,3.646,0,202604152200
2026-04-15T23:00:00.000Z,4.446,4.297,0,202604152300
2026-04-16T00:00:00.000Z,4.558,4.409,0,202604160000
2026-04-16T01:00:00.000Z,4.144,3.995,0,202604160100
2026-04-16T02:00:00.000Z,3.307,3.158,0,202604160200
2026-04-16T03:00:00.000Z,2.243,2.094,0,202604160300
2026-04-16T04:00:00.000Z,1.192,1.043,0,202604160400
2026-04-16T05:00:00.000Z,0.374,0.225,0,202604160500
2026-04-16T06:00:00.000Z,-0.038,-0.187,0,202604160600
2026-04-16T07:00:00.000Z,0.094,-0.055,0,202604160700
2026-04-16T08:00:00.000Z,0.826,0.677,0,202604160800
2026-04-16T09:00:00.000Z,1.993,1.844,0,202604160900
2026-04-16T10:00:00.000Z,3.189,3.04,0,202604161000
2026-04-16T11:00:00.000Z,4.038,3.889,0,202604161100
2026-04-16T12:00:00.000Z,4.374,4.225,0,202604161200
2026-04-16T13:00:00.000Z,4.163,4.014,0,202604161300
2026-04-16T14:00:00.000Z,3.457,3.308,0,202604161400
2026-04-16T15:00:00.000Z,2.429,2.28,0,202604161500
2026-04-16T16:00:00.000Z,1.334,1.185,0,202604161600
2026-04-16T17:00:00.000Z,0.423,0.274,0,202604161700
2026-04-16T18:00:00.000Z,-0.1,-0.249,0,202604161800
2026-04-16T19:00:00.000Z,-0.074,-0.223,0,202604161900
2026-04-16T20:00:00.000Z,0.609,0.46,0,202604162000
2026-04-16T21:00:00.000Z,1.851,1.702,0,202604162100
2026-04-16T22:00:00.000Z,3.247,3.098,0,202604162200
2026-04-16T23:00:00.000Z,4.339,4.19,0,202604162300
2026-04-17T00:00:00.000Z,4.898,4.749,0,202604170000
2026-04-17T01:00:00.000Z,4.968,4.719,0.1,202604170100
2026-04-17T02:00:00.000Z,4.371,4.122,0.1,202604170200
2026-04-17T03:00:00.000Z,3.342,3.093,0.1,202604170300
2026-04-17T04:00:00.000Z,2.129,1.88,0.1,202604170400
2026-04-17T05:00:00.000Z,0.999,0.75,0.1,202604170500
2026-04-17T06:00:00.000Z,0.17,-0.079,0.1,202604170600
2026-04-17T07:00:00.000Z,-0.186,-0.435,0.1,202604170700
2026-04-17T08:00:00.000Z,0.082,-0.167,0.1,202604170800
2026-04-17T09:00:00.000Z,0.996,0.747,0.1,202604170900
2026-04-17T10:00:00.000Z,2.285,2.036,0.1,202604171000
2026-04-17T11:00:00.000Z,3.479,3.23,0.1,202604171100
2026-04-17T12:00:00.000Z,4.254,4.005,0.1,202604171200
2026-04-17T13:00:00.000Z,4.487,4.238,0.1,202604171300
2026-04-17T14:00:00.000Z,4.142,3.893,0.1,202604171400
2026-04-17T15:00:00.000Z,3.301,3.052,0.1,202604171500
2026-04-17T16:00:00.000Z,2.186,1.937,0.1,202604171600
2026-04-17T17:00:00.000Z,1.079,0.83,0.1,202604171700
2026-04-17T18:00:00.000Z,0.225,-0.024,0.1,202604171800
